name,email,address,assigned_course
Katherine Heasley,kheasley0@abc.net.au,1 Bowman Street,Cybersecurity
Alonso Guillford,aguillford1@tmall.com,0004 Hudson Terrace,Information Technology
Linnell McMeekan,lmcmeekan2@chicagotribune.com,403 Meadow Ridge Avenue,Information Technology
Whitman Gladdor,wgladdor3@arstechnica.com,91 Melvin Avenue,Computer Science
Gusty Stammer,gstammer4@economist.com,07 Moose Park,Information Technology
Annis Macey,amacey5@independent.co.uk,999 Holy Cross Parkway,Computer Science
Kory Garrod,kgarrod6@blinklist.com,9522 Goodland Center,Computer Science
Dacia Yeskov,dyeskov7@fastcompany.com,92 Debs Street,Cybersecurity
Winfred Casella,wcasella8@fotki.com,2 Debs Road,Information Technology
Helyn Splevin,hsplevin9@unc.edu,2 Hayes Circle,Cybersecurity
Cyrillus Mishaw,cmishawa@issuu.com,248 Pankratz Center,Computer Science
Porty Topliss,ptoplissb@blog.com,07349 Bashford Plaza,Information Technology
Clem Tolussi,ctolussic@php.net,96 Blaine Trail,Cybersecurity
Joycelin Cavolini,jcavolinid@samsung.com,481 Delaware Lane,Information Technology
Leeanne Hockell,lhockelle@nba.com,86 Anniversary Court,Computer Science
Aharon Tampen,atampenf@shutterfly.com,8896 Rockefeller Plaza,Cybersecurity
Aviva Benoix,abenoixg@hc360.com,7614 Hollow Ridge Hill,Cybersecurity
Chelsy Wreak,cwreakh@msu.edu,6462 Holy Cross Court,Information Technology
Klement Pudge,kpudgei@yahoo.com,85921 Merry Junction,Cybersecurity
Durward Bwy,dbwyj@phoca.cz,2 Esch Place,Information Technology
Moyra Magauran,mmagaurank@dmoz.org,6 Dayton Pass,Information Technology
Gypsy Nevin,gnevinl@naver.com,72 4th Avenue,Computer Science
Calli Hughlock,chughlockm@go.com,897 West Lane,Computer Science
Lindsay Polson,lpolsonn@forbes.com,50096 Magdeline Junction,Computer Science
Antone Rouge,arougeo@nymag.com,511 Schiller Park,Information Technology
Thurston Roz,trozp@amazon.co.jp,3 Northwestern Avenue,Information Technology
Holly Stockwell,hstockwellq@deviantart.com,770 Riverside Pass,Information Technology
Anderson Burford,aburfordr@reddit.com,612 Sherman Plaza,Cybersecurity
Alfreda Mattingly,amattinglys@google.com,921 Stang Way,Information Technology
Jerrine Glauber,jglaubert@weibo.com,63685 Ridgeview Trail,Information Technology
Heriberto Kitching,hkitchingu@spotify.com,11956 Gateway Pass,Computer Science
Elmer Gameson,egamesonv@omniture.com,57 Oak Avenue,Computer Science
Buddy Casarini,bcasariniw@state.gov,1650 Gerald Alley,Computer Science
Doe Horrod,dhorrodx@geocities.jp,9 Victoria Plaza,Cybersecurity
Philippa Dumblton,pdumbltony@webnode.com,1 Mariners Cove Crossing,Information Technology
Ole Mettricke,omettrickez@instagram.com,4866 Moland Hill,Information Technology
Orland Eddy,oeddy10@youtube.com,9 Eliot Place,Computer Science
Sylvester Fiddler,sfiddler11@t.co,42 Susan Place,Cybersecurity
Shirleen Wessel,swessel12@opera.com,094 Erie Circle,Computer Science
Niall von Nassau,nvon13@redcross.org,18646 Garrison Parkway,Cybersecurity
Karl Cristofari,kcristofari14@yahoo.co.jp,181 Pine View Road,Computer Science
Verena Sellack,vsellack15@constantcontact.com,49 Fisk Point,Computer Science
Munmro Sharrocks,msharrocks16@google.com.hk,4 Ramsey Parkway,Cybersecurity
Rutledge Devote,rdevote17@yahoo.com,1 3rd Place,Information Technology
Cassandra Busswell,cbusswell18@nsw.gov.au,9 Bay Alley,Cybersecurity
Land de Bullion,lde19@usnews.com,283 Ryan Avenue,Cybersecurity
Shawnee Southwell,ssouthwell1a@godaddy.com,27403 Clemons Drive,Computer Science
Rusty Hamon,rhamon1b@nyu.edu,954 Roth Hill,Computer Science
Maggi Anchor,manchor1c@japanpost.jp,8 Atwood Alley,Cybersecurity
Rusty Nigh,rnigh1d@i2i.jp,41 Lake View Point,Information Technology
Northrup Crosetti,ncrosetti1e@paypal.com,8332 Pepper Wood Road,Information Technology
Lurline Jeppe,ljeppe1f@zimbio.com,30 Grover Street,Cybersecurity
Jori Searight,jsearight1g@cargocollective.com,83 Troy Trail,Cybersecurity
Crichton Belcham,cbelcham1h@mac.com,1148 Monument Alley,Computer Science
Jacqui Amner,jamner1i@wikia.com,957 Orin Way,Computer Science
Romain Chawkley,rchawkley1j@parallels.com,71 Sunfield Street,Information Technology
Daloris Landreth,dlandreth1k@bing.com,36611 Loeprich Circle,Cybersecurity
Kacey Norcross,knorcross1l@qq.com,86 Lotheville Street,Information Technology
Mark Banham,mbanham1m@typepad.com,02401 Banding Pass,Computer Science
Reube Adamovitch,radamovitch1n@is.gd,071 Valley Edge Drive,Information Technology
Fleurette Stephen,fstephen1o@discuz.net,4475 Calypso Street,Cybersecurity
Ive Pasek,ipasek1p@multiply.com,78 Holmberg Avenue,Information Technology
Juline Krebs,jkrebs1q@wsj.com,67653 Surrey Plaza,Cybersecurity
Octavia Dall,odall1r@soundcloud.com,195 Debs Alley,Information Technology
Twila Bellord,tbellord1s@sphinn.com,267 Maple Circle,Information Technology
Gabey Piddletown,gpiddletown1t@woothemes.com,50066 Spaight Court,Information Technology
Jessica Mathers,jmathers1u@comcast.net,26206 Upham Circle,Computer Science
Guss Gutcher,ggutcher1v@e-recht24.de,1912 Homewood Alley,Information Technology
Job Harmar,jharmar1w@ameblo.jp,54 Dunning Pass,Cybersecurity
Ezmeralda Folli,efolli1x@jigsy.com,45 Sullivan Lane,Information Technology
Carson Jerson,cjerson1y@buzzfeed.com,3296 Charing Cross Plaza,Computer Science
Annadiana Cescot,acescot1z@cdbaby.com,5 Bellgrove Circle,Computer Science
Chiarra Purdie,cpurdie20@berkeley.edu,2383 Mifflin Center,Cybersecurity
Cate Glaves,cglaves21@yahoo.co.jp,1 Veith Crossing,Computer Science
Ewell Haspineall,ehaspineall22@cdbaby.com,172 Petterle Drive,Cybersecurity
Waverly Gorden,wgorden23@rambler.ru,33785 Bonner Parkway,Cybersecurity
Cortie Emmison,cemmison24@themeforest.net,86 Montana Drive,Cybersecurity
Chaunce McKillop,cmckillop25@mysql.com,60424 Pierstorff Point,Information Technology
Gracia Chew,gchew26@census.gov,98 Cascade Point,Cybersecurity
Nicol Reith,nreith27@ow.ly,1 Farragut Terrace,Information Technology
Baron Leet,bleet28@archive.org,77338 Clyde Gallagher Pass,Cybersecurity
Emlen Dickings,edickings29@howstuffworks.com,236 Drewry Terrace,Computer Science
Barclay Schuricke,bschuricke2a@vistaprint.com,1059 Oak Valley Junction,Information Technology
Travis Degoix,tdegoix2b@arstechnica.com,2311 Fairview Plaza,Computer Science
Rachelle Messer,rmesser2c@army.mil,359 Stone Corner Drive,Cybersecurity
Rahal Gawne,rgawne2d@abc.net.au,73 Lake View Court,Information Technology
Nani Davitashvili,ndavitashvili2e@webmd.com,81105 Chive Center,Cybersecurity
Traci Cokely,tcokely2f@skyrock.com,01 8th Terrace,Information Technology
Odo Kleinplatz,okleinplatz2g@google.cn,27 Stoughton Avenue,Information Technology
Margarette Imesen,mimesen2h@people.com.cn,4877 Iowa Drive,Cybersecurity
Troy Ozanne,tozanne2i@wufoo.com,8 Boyd Avenue,Cybersecurity
Katie Fontelles,kfontelles2j@topsy.com,215 Briar Crest Alley,Cybersecurity
Cathe Ruckledge,cruckledge2k@joomla.org,6 Dawn Way,Cybersecurity
Daffie Gann,dgann2l@yale.edu,0274 Maywood Terrace,Cybersecurity
Mickie Peltz,mpeltz2m@timesonline.co.uk,10 Anhalt Avenue,Computer Science
Jackelyn Lauder,jlauder2n@marketwatch.com,5 Kim Street,Cybersecurity
Janeva Sweeting,jsweeting2o@dmoz.org,79 Thackeray Way,Computer Science
Edd Iltchev,eiltchev2p@ustream.tv,244 Elgar Drive,Information Technology
Hartwell Bow,hbow2q@wikimedia.org,78 Washington Alley,Cybersecurity
Raquel Waterstone,rwaterstone2r@xing.com,81536 Elgar Drive,Information Technology
Abbye Godby,agodby2s@sun.com,75888 Summerview Alley,Cybersecurity
Marv Beeke,mbeeke2t@who.int,0 Hazelcrest Center,Cybersecurity
Mandy Rycroft,mrycroft2u@uol.com.br,0484 Northwestern Park,Cybersecurity
Tuckie Portigall,tportigall2v@nhs.uk,85 Spaight Place,Computer Science
Rees Hatt,rhatt2w@vimeo.com,8 Monica Terrace,Cybersecurity
Marty MacClure,mmacclure2x@joomla.org,7735 Golden Leaf Place,Computer Science
Warden Romayne,wromayne2y@noaa.gov,01542 Waubesa Way,Cybersecurity
Wyn Licciardiello,wlicciardiello2z@fotki.com,809 Texas Drive,Computer Science
Leisha McKnish,lmcknish30@com.com,3 Sunnyside Crossing,Computer Science
Sigismondo Leyre,sleyre31@dyndns.org,8 Artisan Drive,Computer Science
Retha Vine,rvine32@fotki.com,66 Starling Alley,Information Technology
Samantha Gethouse,sgethouse33@google.pl,1880 Vidon Alley,Computer Science
Elsbeth Jordanson,ejordanson34@cbc.ca,167 Hauk Circle,Information Technology
Roxane Yendle,ryendle35@tinyurl.com,08 Old Shore Place,Cybersecurity
Jackie Camilio,jcamilio36@artisteer.com,698 Sommers Road,Cybersecurity
Goran Lundy,glundy37@wufoo.com,059 Hintze Plaza,Information Technology
Fidela Malia,fmalia38@webnode.com,19061 Red Cloud Terrace,Computer Science
Donalt Capponeer,dcapponeer39@bandcamp.com,64277 Grim Pass,Computer Science
Deane Trumble,dtrumble3a@narod.ru,066 Jenna Park,Cybersecurity
Shana Fattori,sfattori3b@nymag.com,11502 Namekagon Road,Cybersecurity
Jaime Polino,jpolino3c@addtoany.com,34617 Laurel Place,Cybersecurity
Nels Dosdale,ndosdale3d@hud.gov,0301 Maryland Way,Cybersecurity
Silvan Winnard,swinnard3e@ning.com,140 Redwing Pass,Cybersecurity
Brnaba Hryniewicz,bhryniewicz3f@microsoft.com,5 Hintze Pass,Information Technology
Newton Keenan,nkeenan3g@cnet.com,0742 Starling Circle,Cybersecurity
Dwight Dumelow,ddumelow3h@prnewswire.com,5 Menomonie Street,Cybersecurity
Willy Abbey,wabbey3i@cornell.edu,12 Loomis Place,Information Technology
Mehetabel Pentony,mpentony3j@constantcontact.com,67 Leroy Point,Cybersecurity
Lorene Beeken,lbeeken3k@sogou.com,24144 Johnson Crossing,Information Technology
Jasmina Hartfield,jhartfield3l@answers.com,5154 Miller Crossing,Information Technology
Erek Presswell,epresswell3m@columbia.edu,904 Springs Avenue,Computer Science
Nessy Harragin,nharragin3n@twitter.com,00484 High Crossing Circle,Information Technology
Andonis Grcic,agrcic3o@icio.us,9835 Dexter Drive,Information Technology
Selina Servant,sservant3p@arizona.edu,37 Hayes Place,Cybersecurity
Rouvin Troker,rtroker3q@privacy.gov.au,93182 David Place,Computer Science
Lucienne Polson,lpolson3r@discuz.net,77754 Valley Edge Court,Computer Science
Bondie Paulou,bpaulou3s@state.tx.us,15 Main Way,Computer Science
Ricoriki Huscroft,rhuscroft3t@harvard.edu,41326 Glacier Hill Road,Information Technology
Porty Aliman,paliman3u@ow.ly,88844 Novick Court,Computer Science
Corbett Folomin,cfolomin3v@wordpress.com,93604 American Ash Lane,Cybersecurity
Crissy Avramov,cavramov3w@elegantthemes.com,21 Loomis Terrace,Computer Science
Hiram Clover,hclover3x@usnews.com,67098 Cascade Park,Cybersecurity
Man Buckwell,mbuckwell3y@utexas.edu,3841 Kropf Crossing,Cybersecurity
Annadiane Kegley,akegley3z@wordpress.org,559 Blackbird Plaza,Information Technology
Lynnelle Lukehurst,llukehurst40@noaa.gov,480 Dryden Street,Computer Science
Fairlie Dearden,fdearden41@google.co.uk,05 Summit Circle,Computer Science
Paule Bramstom,pbramstom42@flavors.me,5 Gulseth Place,Computer Science
Bradford Authers,bauthers43@slate.com,65752 Alpine Point,Information Technology
Angelia Palumbo,apalumbo44@ucla.edu,42917 Prairieview Avenue,Information Technology
Janeta Coomer,jcoomer45@github.com,15 New Castle Lane,Information Technology
Tommy Rowat,trowat46@hatena.ne.jp,27531 Green Place,Computer Science
Silvana McCraine,smccraine47@taobao.com,2 Manley Plaza,Computer Science
Ulrikaumeko Whiff,uwhiff48@hostgator.com,445 Hansons Point,Cybersecurity
Wells Havile,whavile49@google.com.br,55 Hansons Parkway,Information Technology
Guillema Sidworth,gsidworth4a@youku.com,36592 Cody Circle,Information Technology
Brocky Bezley,bbezley4b@last.fm,605 Graedel Trail,Computer Science
Arel Shemming,ashemming4c@theatlantic.com,371 Iowa Parkway,Computer Science
Sheppard Fellman,sfellman4d@admin.ch,3 Morrow Circle,Information Technology
Lea Crammy,lcrammy4e@boston.com,0695 Mccormick Drive,Computer Science
Pierson Chatteris,pchatteris4f@boston.com,73 Brentwood Road,Information Technology
Bran Dudley,bdudley4g@ask.com,303 Colorado Alley,Cybersecurity
Lottie Capeloff,lcapeloff4h@nationalgeographic.com,6216 Spenser Way,Information Technology
Leola Boutflour,lboutflour4i@uiuc.edu,74 Fairfield Place,Computer Science
Farah Cheesley,fcheesley4j@ask.com,53418 Stang Parkway,Cybersecurity
Lorene Bavister,lbavister4k@berkeley.edu,3921 Loomis Crossing,Computer Science
Nickolas Keune,nkeune4l@sciencedaily.com,3 Pawling Point,Cybersecurity
Dianna Izen,dizen4m@hibu.com,08147 Melby Crossing,Information Technology
Nobe Garroch,ngarroch4n@spotify.com,9 Arkansas Court,Computer Science
Grissel Kulver,gkulver4o@umich.edu,5717 Vahlen Place,Computer Science
Andres Landers,alanders4p@gmpg.org,9 Esker Court,Information Technology
Giorgia Cosgrive,gcosgrive4q@imageshack.us,54859 Valley Edge Way,Cybersecurity
Muffin Alcide,malcide4r@sciencedaily.com,2 Fieldstone Circle,Cybersecurity
Lula Stileman,lstileman4s@dailymail.co.uk,136 Green Trail,Information Technology
Nicolea Kiely,nkiely4t@blog.com,8373 Clarendon Hill,Information Technology
Gwenneth Stanger,gstanger4u@craigslist.org,6 Shelley Court,Computer Science
Elicia Sarchwell,esarchwell4v@bravesites.com,798 Continental Center,Information Technology
Mame Whyberd,mwhyberd4w@histats.com,56478 Mendota Plaza,Cybersecurity
Gilbertine Bassford,gbassford4x@ocn.ne.jp,10758 Atwood Alley,Computer Science
Teressa Necrews,tnecrews4y@whitehouse.gov,87 Troy Drive,Information Technology
Sarajane Balas,sbalas4z@google.com.hk,00699 Kipling Center,Computer Science
Inger Pittam,ipittam50@hp.com,49569 Manitowish Terrace,Cybersecurity
Dolli Poile,dpoile51@hugedomains.com,91 Comanche Park,Computer Science
Giacinta Lytton,glytton52@nytimes.com,4 8th Point,Computer Science
Anselm Radke,aradke53@hostgator.com,4 Kropf Circle,Cybersecurity
Renie Lob,rlob54@jiathis.com,6213 Mayer Alley,Cybersecurity
Maximilianus Going,mgoing55@craigslist.org,5 Memorial Point,Information Technology
Edward Felgat,efelgat56@clickbank.net,28525 7th Drive,Cybersecurity
Carol Antyukhin,cantyukhin57@issuu.com,57928 Linden Terrace,Information Technology
Evvie Bonafant,ebonafant58@businesswire.com,00440 Mayfield Place,Cybersecurity
Nadine Sissons,nsissons59@miibeian.gov.cn,7 Grim Street,Information Technology
Leo Lodemann,llodemann5a@blog.com,1 Macpherson Plaza,Information Technology
Sandi Wassung,swassung5b@etsy.com,14233 Union Road,Cybersecurity
Wendall Rowston,wrowston5c@cbslocal.com,82708 Stephen Drive,Information Technology
Celestine Headley,cheadley5d@mozilla.org,33 Stang Place,Cybersecurity
Marcello Benfield,mbenfield5e@bbb.org,268 Corben Circle,Cybersecurity
Korie Gaveltone,kgaveltone5f@seesaa.net,3 Mcguire Parkway,Computer Science
Hollyanne Scottini,hscottini5g@amazon.com,11 Riverside Parkway,Computer Science
Ellsworth Breyt,ebreyt5h@newsvine.com,8066 Old Gate Hill,Information Technology
Isidoro Gingel,igingel5i@tripod.com,18270 Prentice Avenue,Information Technology
Letizia Berkley,lberkley5j@about.com,724 Bunting Place,Cybersecurity
Tonya Elia,telia5k@sun.com,205 Bartelt Way,Information Technology
Dominica Varcoe,dvarcoe5l@simplemachines.org,62 Gulseth Circle,Cybersecurity
Katee Pettett,kpettett5m@umn.edu,934 Acker Place,Cybersecurity
Boniface Bamlett,bbamlett5n@reference.com,5 Badeau Crossing,Cybersecurity
Wake Ebbitt,webbitt5o@mozilla.com,442 Starling Court,Computer Science
Augusta Padula,apadula5p@acquirethisname.com,1650 Gateway Trail,Cybersecurity
Fidela Chilcott,fchilcott5q@mac.com,7508 Del Mar Center,Cybersecurity
Gustav Foskett,gfoskett5r@angelfire.com,7586 Derek Court,Cybersecurity
Catherin Ragsdale,cragsdale5s@gnu.org,03908 Utah Park,Cybersecurity
Leanor Moreinis,lmoreinis5t@addthis.com,34212 Hagan Avenue,Cybersecurity
Marney Gyppes,mgyppes5u@e-recht24.de,43868 Roth Terrace,Information Technology
Anthia Brobak,abrobak5v@va.gov,90750 Mcbride Circle,Cybersecurity
Madeline McCorry,mmccorry5w@de.vu,091 Crownhardt Drive,Computer Science
Gusti Lillo,glillo5x@paypal.com,128 Knutson Court,Information Technology
Rinaldo Welberry,rwelberry5y@amazon.com,25434 Golden Leaf Plaza,Computer Science
Loree Hardisty,lhardisty5z@paypal.com,32 Emmet Lane,Computer Science
Madelin Nutman,mnutman60@omniture.com,55565 Dapin Terrace,Cybersecurity
Emmerich Close,eclose61@mail.ru,31 Jana Road,Information Technology
Vaughn Firby,vfirby62@amazonaws.com,1899 Brickson Park Parkway,Cybersecurity
Brandyn Feaviour,bfeaviour63@java.com,687 Maryland Trail,Computer Science
Gena Peres,gperes64@deviantart.com,913 La Follette Trail,Computer Science
Rasla Guynemer,rguynemer65@upenn.edu,1 Schlimgen Park,Cybersecurity
Keelia Stronghill,kstronghill66@paypal.com,42 Ludington Pass,Computer Science
Gabie Foulser,gfoulser67@livejournal.com,51075 Steensland Road,Information Technology
Rafaelia Yerill,ryerill68@microsoft.com,4 Ilene Street,Information Technology
Pierce Misson,pmisson69@dmoz.org,6 Commercial Trail,Cybersecurity
Yank Itzcovich,yitzcovich6a@ca.gov,959 Rusk Point,Information Technology
Mitzi Cosser,mcosser6b@google.nl,8 Lunder Center,Computer Science
Oswald Coch,ococh6c@usgs.gov,691 Doe Crossing Circle,Information Technology
Hendrick Kenwyn,hkenwyn6d@miibeian.gov.cn,43058 Rutledge Circle,Computer Science
Jamil Klewer,jklewer6e@bbc.co.uk,83890 Sycamore Road,Information Technology
Cristin Orae,corae6f@webs.com,89548 Havey Road,Computer Science
Gilberte Lougheed,glougheed6g@photobucket.com,802 Lien Alley,Cybersecurity
Sisile Rubinovitsch,srubinovitsch6h@cbc.ca,8 Thackeray Road,Cybersecurity
Blondell Archbould,barchbould6i@youku.com,0458 Muir Lane,Computer Science
Giffie Skilling,gskilling6j@census.gov,9 Burning Wood Alley,Information Technology
Nels Hannum,nhannum6k@lulu.com,038 Michigan Place,Cybersecurity
Tristam Berardt,tberardt6l@discovery.com,46659 Veith Plaza,Information Technology
Annie Devonish,adevonish6m@tumblr.com,33 Kropf Road,Computer Science
Stacia Couroy,scouroy6n@paypal.com,27 Packers Point,Computer Science
Pernell Kilminster,pkilminster6o@gmpg.org,61 Village Green Place,Computer Science
Claudelle Poyner,cpoyner6p@smugmug.com,40 Spohn Pass,Computer Science
Nadine Bilston,nbilston6q@dot.gov,02621 Hudson Avenue,Information Technology
Bert Norgate,bnorgate6r@chron.com,648 Messerschmidt Parkway,Computer Science
Lissa Murton,lmurton6s@feedburner.com,88 Sundown Trail,Cybersecurity
Phyllis Caldaro,pcaldaro6t@bloglovin.com,9190 Homewood Alley,Computer Science
Genovera Forbear,gforbear6u@netscape.com,5990 Birchwood Lane,Information Technology
Ripley Davydychev,rdavydychev6v@pagesperso-orange.fr,86 Judy Terrace,Cybersecurity
Alfie Gethyn,agethyn6w@drupal.org,2 Fuller Hill,Computer Science
Decca Averay,daveray6x@blogs.com,17 Ramsey Pass,Information Technology
Ajay Pavluk,apavluk6y@sbwire.com,7908 Thompson Court,Computer Science
Edwin Haysar,ehaysar6z@wired.com,9 Kenwood Circle,Information Technology
Felice Robathon,frobathon70@sphinn.com,7600 Bartelt Hill,Cybersecurity
Emylee Robbings,erobbings71@taobao.com,7708 Moland Crossing,Information Technology
Christoffer Jeeks,cjeeks72@wufoo.com,0 Fuller Crossing,Information Technology
Brant Mc Comb,bmc73@elpais.com,07 Pearson Lane,Computer Science
Ginny Stooders,gstooders74@samsung.com,25 Burrows Road,Cybersecurity
Roseanne Rounce,rrounce75@google.it,4740 Grim Terrace,Cybersecurity
Osbourn Whittam,owhittam76@etsy.com,9236 Grayhawk Hill,Computer Science
Nan Meeke,nmeeke77@dailymail.co.uk,78959 Porter Way,Information Technology
Skye Dufore,sdufore78@arstechnica.com,75365 Iowa Plaza,Computer Science
Mohammed Dunphie,mdunphie79@ted.com,83 Dahle Court,Information Technology
Claiborn Di Giorgio,cdi7a@etsy.com,666 Carberry Center,Information Technology
Gwendolin Di Biasi,gdi7b@instagram.com,63936 Shasta Road,Computer Science
Tann Tammadge,ttammadge7c@harvard.edu,642 Kings Crossing,Cybersecurity
Vale Yablsley,vyablsley7d@ask.com,6 Elmside Alley,Computer Science
Chiquita Percifull,cpercifull7e@surveymonkey.com,65210 Morningstar Trail,Cybersecurity
Courtney Linscott,clinscott7f@bbc.co.uk,1 Moose Crossing,Information Technology
Meta Culver,mculver7g@dion.ne.jp,32843 Stephen Way,Computer Science
Peta Calway,pcalway7h@odnoklassniki.ru,3 Sloan Road,Computer Science
Hank Salmen,hsalmen7i@washington.edu,33 Canary Street,Cybersecurity
Gilles Donneely,gdonneely7j@archive.org,7 Vermont Place,Computer Science
Cam Ruos,cruos7k@nymag.com,06503 Oneill Circle,Cybersecurity
Freda Fishby,ffishby7l@blogger.com,13 Caliangt Trail,Computer Science
Sterne Worswick,sworswick7m@howstuffworks.com,2 Thierer Hill,Computer Science
Vonny McGarva,vmcgarva7n@themeforest.net,899 Mesta Park,Cybersecurity
Darby Wheatley,dwheatley7o@prlog.org,6172 Continental Circle,Cybersecurity
Arluene Sambath,asambath7p@studiopress.com,3 Dovetail Alley,Computer Science
Jock Jinkinson,jjinkinson7q@tripod.com,78 Del Mar Avenue,Computer Science
Maurene Prozescky,mprozescky7r@examiner.com,606 Marcy Plaza,Computer Science
Aviva Sibille,asibille7s@ed.gov,9 Cascade Hill,Computer Science
Lila Glinde,lglinde7t@washington.edu,8166 Schmedeman Trail,Cybersecurity
Jerrilyn Simone,jsimone7u@webs.com,983 Northland Court,Cybersecurity
Sauveur Pallis,spallis7v@ox.ac.uk,2 Nova Terrace,Information Technology
Winona Piecha,wpiecha7w@odnoklassniki.ru,02 Dryden Trail,Computer Science
Friedrich Artist,fartist7x@nhs.uk,63865 Nelson Junction,Cybersecurity
Jo Bradforth,jbradforth7y@liveinternet.ru,139 Summer Ridge Plaza,Information Technology
Kirsti Espinas,kespinas7z@fema.gov,88 Dryden Point,Cybersecurity
Boyd Genty,bgenty80@goodreads.com,7091 Fallview Crossing,Cybersecurity
Rochester Wilbud,rwilbud81@si.edu,6 Esker Crossing,Information Technology
Berti Stewart,bstewart82@barnesandnoble.com,66478 Hayes Way,Computer Science
Richie Spaldin,rspaldin83@yelp.com,94 Lien Drive,Information Technology
Evelyn Mielnik,emielnik84@nydailynews.com,8351 Loomis Pass,Computer Science
Leonidas de Grey,lde85@independent.co.uk,905 Sunbrook Way,Computer Science
Odelle O'Duilleain,ooduilleain86@biglobe.ne.jp,695 Dakota Way,Cybersecurity
Carrissa Yarn,cyarn87@fotki.com,0 Dixon Trail,Cybersecurity
Matty Noon,mnoon88@harvard.edu,65975 Elka Center,Cybersecurity
Duke Mont,dmont89@istockphoto.com,52411 Rigney Parkway,Cybersecurity
Burgess Isacsson,bisacsson8a@wikispaces.com,94 Ronald Regan Trail,Information Technology
Johnette Pleasaunce,jpleasaunce8b@mtv.com,7 Roxbury Plaza,Information Technology
Livia Bilfoot,lbilfoot8c@miibeian.gov.cn,7 Evergreen Way,Information Technology
Vite Vigus,vvigus8d@pinterest.com,44 Sullivan Center,Information Technology
Dorree Toone,dtoone8e@forbes.com,31686 Arkansas Plaza,Computer Science
Phaidra Wallhead,pwallhead8f@ftc.gov,529 Gerald Junction,Computer Science
Effie Cloake,ecloake8g@hp.com,9716 Sherman Pass,Cybersecurity
Jaymie Tropman,jtropman8h@51.la,926 Service Way,Information Technology
Kiele Fawlkes,kfawlkes8i@dion.ne.jp,73908 Crest Line Junction,Cybersecurity
Walton Rennix,wrennix8j@prlog.org,7140 Kropf Place,Computer Science
Nadiya Pendrigh,npendrigh8k@360.cn,801 Blackbird Center,Information Technology
Pru Twallin,ptwallin8l@bizjournals.com,8168 Red Cloud Junction,Computer Science
Matelda O'Dee,modee8m@marketwatch.com,6486 Sundown Pass,Cybersecurity
Amandie Terrell,aterrell8n@pcworld.com,67997 Dapin Park,Cybersecurity
Dallis Greenhall,dgreenhall8o@businessweek.com,5 Hanson Place,Cybersecurity
Flossy Fidock,ffidock8p@slate.com,0286 Kensington Pass,Cybersecurity
Modesta Cone,mcone8q@vkontakte.ru,187 Colorado Park,Computer Science
Darrel Barriball,dbarriball8r@de.vu,473 Cody Court,Information Technology
Berthe Mackriell,bmackriell8s@buzzfeed.com,3 Mesta Lane,Cybersecurity
Ned Stockill,nstockill8t@domainmarket.com,2632 Vernon Crossing,Cybersecurity
Darsie Brotherton,dbrotherton8u@live.com,20 Ilene Alley,Information Technology
Calley Champain,cchampain8v@alibaba.com,285 Blackbird Alley,Cybersecurity
Annette Burd,aburd8w@auda.org.au,34 Morning Drive,Information Technology
Dionisio Haliburn,dhaliburn8x@google.es,1671 Debs Crossing,Computer Science
Marley Thorburn,mthorburn8y@google.co.jp,936 Nobel Crossing,Information Technology
Lillian Detloff,ldetloff8z@biblegateway.com,2724 Sunbrook Park,Information Technology
Reinold Jzhakov,rjzhakov90@illinois.edu,91 Oxford Hill,Computer Science
Nahum Millsap,nmillsap91@xinhuanet.com,2525 Jay Hill,Computer Science
Nancie Winckworth,nwinckworth92@youku.com,128 Talisman Parkway,Cybersecurity
Vasilis Paquet,vpaquet93@ox.ac.uk,5 Sutteridge Pass,Cybersecurity
Peta Harvey,pharvey94@zimbio.com,52 Service Hill,Computer Science
Huberto Dowdam,hdowdam95@alibaba.com,2675 Ruskin Trail,Computer Science
Nathaniel Pover,npover96@pbs.org,300 Shasta Street,Information Technology
Nat Aikett,naikett97@slashdot.org,61192 La Follette Lane,Cybersecurity
Klemens Taunton.,ktaunton98@163.com,47 Erie Center,Information Technology
Osbourn Scruton,oscruton99@people.com.cn,07879 Norway Maple Parkway,Computer Science
Angelita Sapp,asapp9a@hao123.com,0762 Pawling Alley,Information Technology
Kincaid Fearenside,kfearenside9b@columbia.edu,74 Fairfield Court,Information Technology
Rae Huc,rhuc9c@cnn.com,0 Crest Line Crossing,Cybersecurity
Kimmie Bellam,kbellam9d@illinois.edu,76393 Corscot Court,Information Technology
Edin Tomala,etomala9e@merriam-webster.com,1385 Sugar Alley,Cybersecurity
Rafaelita McIlriach,rmcilriach9f@goo.ne.jp,9873 Stuart Way,Information Technology
Merrielle Marzele,mmarzele9g@japanpost.jp,22204 Johnson Court,Information Technology
Edyth Kaminski,ekaminski9h@g.co,6 Delaware Way,Computer Science
Norma Tapson,ntapson9i@vinaora.com,05595 Crowley Terrace,Information Technology
Giselle Brauninger,gbrauninger9j@sciencedirect.com,6 Valley Edge Point,Cybersecurity
Tana Treske,ttreske9k@example.com,86 Crowley Hill,Computer Science
Maddie Cussins,mcussins9l@blogger.com,2 Gateway Terrace,Information Technology
Hamil Willshee,hwillshee9m@statcounter.com,769 Drewry Avenue,Cybersecurity
Coraline Beckitt,cbeckitt9n@theglobeandmail.com,6023 Maple Trail,Information Technology
Neille O'Calleran,nocalleran9o@google.com.hk,0648 Randy Street,Computer Science
Nathanael Outlaw,noutlaw9p@domainmarket.com,517 Amoth Parkway,Information Technology
Pauline Sidey,psidey9q@exblog.jp,03 Loomis Crossing,Cybersecurity
Storm Wearing,swearing9r@arizona.edu,715 Lerdahl Court,Computer Science
Dyanna Luna,dluna9s@printfriendly.com,49 Fair Oaks Park,Computer Science
Leroi Fonzone,lfonzone9t@blogspot.com,48 Arkansas Court,Cybersecurity
Arlyne Marton,amarton9u@biglobe.ne.jp,40345 Karstens Avenue,Information Technology
Florenza Kingerby,fkingerby9v@engadget.com,33 Jay Place,Computer Science
Gerrie Radmore,gradmore9w@ow.ly,13737 Nova Road,Information Technology
Reine Fullerd,rfullerd9x@toplist.cz,4914 Rowland Terrace,Computer Science
Winny Ivanishchev,wivanishchev9y@hc360.com,53164 Ryan Plaza,Cybersecurity
Almeta Routh,arouth9z@surveymonkey.com,3 Cambridge Place,Computer Science
Manya Legg,mlegga0@java.com,8844 Sommers Trail,Cybersecurity
Randal Damato,rdamatoa1@list-manage.com,15 Vermont Street,Computer Science
Sinclair Seson,ssesona2@economist.com,66 Granby Drive,Information Technology
Connor Sarney,csarneya3@mysql.com,68747 Logan Junction,Computer Science
Nealson Gleeson,ngleesona4@mlb.com,07728 Thompson Park,Information Technology
Hadria Derisley,hderisleya5@nature.com,05148 Oak Valley Junction,Computer Science
Cory Dalgetty,cdalgettya6@live.com,41588 Independence Terrace,Cybersecurity
Natka Pester,npestera7@sphinn.com,75 Carioca Drive,Computer Science
Alvy Fillimore,afillimorea8@google.it,3170 Heffernan Park,Cybersecurity
Newton Headey,nheadeya9@sciencedaily.com,70466 Magdeline Hill,Computer Science
Lanna Richardeau,lrichardeauaa@oaic.gov.au,7277 Bay Junction,Cybersecurity
Cletus Scottesmoor,cscottesmoorab@slate.com,12 Ramsey Parkway,Information Technology
Geraldine Scrine,gscrineac@yahoo.co.jp,73629 Burrows Park,Cybersecurity
Cicely Neylon,cneylonad@hud.gov,8433 Bellgrove Way,Information Technology
Caralie Fitzjohn,cfitzjohnae@mysql.com,22911 Ryan Avenue,Computer Science
Cherin Jacquemet,cjacquemetaf@dmoz.org,5075 Fieldstone Place,Cybersecurity
Shirlee Graalman,sgraalmanag@prlog.org,04 Service Alley,Information Technology
Domingo Klesse,dklesseah@360.cn,9 Merchant Street,Information Technology
Tabbie Legrand,tlegrandai@netscape.com,2 Garrison Way,Computer Science
Lari Kahler,lkahleraj@independent.co.uk,0 Bluestem Alley,Computer Science
Danette Paddie,dpaddieak@tinyurl.com,77 North Lane,Computer Science
Lionel Sim,lsimal@squarespace.com,3306 6th Lane,Cybersecurity
Kassandra O' Connell,koam@twitpic.com,16988 Texas Trail,Information Technology
Aurie Tulip,atulipan@ustream.tv,58847 Laurel Trail,Computer Science
Rolph Anton,rantonao@usgs.gov,4908 Stoughton Terrace,Cybersecurity
Moshe Mattinson,mmattinsonap@barnesandnoble.com,0 Meadow Valley Plaza,Cybersecurity
Eb Muncaster,emuncasteraq@stanford.edu,6 Debra Way,Cybersecurity
Jarrett Bernardet,jbernardetar@biglobe.ne.jp,01 Hanson Point,Computer Science
Cullie Mutlow,cmutlowas@google.co.jp,58372 Bowman Street,Computer Science
Modestine Aslin,maslinat@qq.com,243 Division Trail,Information Technology
Dav Kingsnod,dkingsnodau@zimbio.com,3548 Donald Parkway,Information Technology
Derrek Worner,dwornerav@microsoft.com,43 Hollow Ridge Park,Information Technology
Ahmad Ferrone,aferroneaw@diigo.com,7252 Dexter Crossing,Information Technology
Paddie Cartwight,pcartwightax@wisc.edu,19713 Northwestern Pass,Cybersecurity
Teodorico Berwick,tberwickay@360.cn,295 Loftsgordon Road,Information Technology
Kellen Archanbault,karchanbaultaz@nhs.uk,5 Walton Trail,Information Technology
Arv Hacksby,ahacksbyb0@army.mil,89513 Boyd Trail,Computer Science
Carree Rubinsaft,crubinsaftb1@statcounter.com,808 Mosinee Way,Computer Science
Bennie Lindberg,blindbergb2@google.com,45191 Magdeline Road,Computer Science
Amalie Dibble,adibbleb3@webeden.co.uk,3994 Stoughton Hill,Computer Science
Myer Bane,mbaneb4@microsoft.com,905 Riverside Circle,Computer Science
Brittan Shackesby,bshackesbyb5@home.pl,36 Harper Road,Cybersecurity
Ernaline Yushachkov,eyushachkovb6@mtv.com,70288 Dovetail Way,Cybersecurity
Celinda Lawlee,clawleeb7@printfriendly.com,4758 Packers Trail,Computer Science
Tim Blackford,tblackfordb8@spiegel.de,5288 Evergreen Parkway,Computer Science
Langston Buffy,lbuffyb9@hugedomains.com,6180 Hollow Ridge Road,Cybersecurity
Laina Cinnamond,lcinnamondba@webnode.com,3 Tennyson Lane,Information Technology
Wilona Groundwator,wgroundwatorbb@studiopress.com,84169 Fremont Pass,Cybersecurity
Mollie Avramovitz,mavramovitzbc@sciencedirect.com,493 Buena Vista Avenue,Cybersecurity
Osbourne Bartomeu,obartomeubd@cam.ac.uk,1403 Division Street,Cybersecurity
Veronique Mortell,vmortellbe@taobao.com,77603 Debra Park,Cybersecurity
Yettie Laborda,ylabordabf@homestead.com,08 Jenna Street,Computer Science
Llywellyn Van den Velde,lvanbg@ycombinator.com,5 Old Gate Road,Cybersecurity
Keelby Slora,kslorabh@gmpg.org,71 Bonner Place,Cybersecurity
Eda Avramovic,eavramovicbi@freewebs.com,303 Mariners Cove Junction,Computer Science
Debbie MacCartan,dmaccartanbj@storify.com,45 Park Meadow Park,Computer Science
Griffie Charlotte,gcharlottebk@boston.com,363 Calypso Center,Computer Science
Felisha Eveleigh,feveleighbl@yelp.com,54 Anhalt Parkway,Computer Science
Julee Baggally,jbaggallybm@cnn.com,69102 Basil Parkway,Cybersecurity
Jabez Crenshaw,jcrenshawbn@home.pl,0025 Heath Crossing,Computer Science
Sonnie Glandon,sglandonbo@unesco.org,7483 Manufacturers Trail,Information Technology
Libbie Cohrs,lcohrsbp@tripod.com,03569 Hollow Ridge Trail,Computer Science
Donnamarie Spragge,dspraggebq@hubpages.com,23 Buhler Center,Computer Science
Celestina Rundle,crundlebr@mlb.com,51586 Carey Pass,Cybersecurity
Dale Fenix,dfenixbs@over-blog.com,6667 Shasta Trail,Information Technology
Tatum Gainsbury,tgainsburybt@g.co,9504 Mallory Drive,Computer Science
Vin Downing,vdowningbu@usda.gov,3 Eagan Point,Computer Science
Justina Teaze,jteazebv@elegantthemes.com,2761 Dayton Street,Computer Science
Vivi Melson,vmelsonbw@webnode.com,08 Tennyson Court,Computer Science
Frederich Leere,fleerebx@cbslocal.com,2512 Magdeline Trail,Information Technology
Ariana Connechie,aconnechieby@dropbox.com,9 New Castle Court,Cybersecurity
Matthaeus Whittenbury,mwhittenburybz@epa.gov,7 Golf Course Avenue,Information Technology
Ophelia Sarney,osarneyc0@google.com.hk,45888 Amoth Drive,Cybersecurity
Bailey Pitrollo,bpitrolloc1@indiegogo.com,45 South Drive,Cybersecurity
Diahann Dowty,ddowtyc2@sina.com.cn,9 Jana Point,Cybersecurity
Ester Ingham,einghamc3@goodreads.com,4 La Follette Terrace,Cybersecurity
Kennith Cranmere,kcranmerec4@google.pl,9967 Mitchell Circle,Information Technology
Shandeigh Heape,sheapec5@cbc.ca,1 Bashford Road,Computer Science
Carlita Harring,charringc6@psu.edu,7 West Point,Cybersecurity
Duff Burrells,dburrellsc7@webnode.com,1368 Troy Parkway,Information Technology
Linc Bebb,lbebbc8@businesswire.com,1373 Chive Plaza,Information Technology
Donny Siebart,dsiebartc9@amazon.de,3290 Golf Pass,Cybersecurity
Catherina Chalcraft,cchalcraftca@arstechnica.com,591 Continental Point,Computer Science
Angy Dunn,adunncb@telegraph.co.uk,9882 Grasskamp Street,Cybersecurity
Rosamund Darell,rdarellcc@pcworld.com,07161 Jana Court,Computer Science
Artair Jurgensen,ajurgensencd@simplemachines.org,35 South Trail,Information Technology
Emlynn Aires,eairesce@geocities.jp,385 Hudson Way,Computer Science
Katine Rossey,krosseycf@japanpost.jp,371 Ridgeview Road,Information Technology
Abbe O'Loughnan,aoloughnancg@noaa.gov,576 Algoma Court,Cybersecurity
Janice Bevans,jbevansch@china.com.cn,67845 Twin Pines Circle,Cybersecurity
Francisca Memmory,fmemmoryci@flickr.com,11 Erie Road,Cybersecurity
Cahra Hawe,chawecj@php.net,060 7th Place,Computer Science
Fey Cheesley,fcheesleyck@dropbox.com,6338 Fairview Way,Computer Science
Cindie Tumilty,ctumiltycl@virginia.edu,40 Kings Park,Information Technology
Halley Dunn,hdunncm@marketwatch.com,53298 Shopko Park,Information Technology
Laird Sperwell,lsperwellcn@opera.com,597 Lakeland Court,Cybersecurity
Ira Dilworth,idilworthco@sciencedaily.com,62152 Forest Dale Court,Cybersecurity
Vito Runsey,vrunseycp@state.tx.us,6488 Briar Crest Street,Information Technology
Temple Maleham,tmalehamcq@aol.com,9 Orin Hill,Information Technology
Corilla Belliard,cbelliardcr@dot.gov,7126 Tomscot Trail,Information Technology
Loy Withull,lwithullcs@europa.eu,46 Hansons Point,Computer Science
Lanny Cranstoun,lcranstounct@usatoday.com,488 Ridgeway Alley,Computer Science
Alexio Fendt,afendtcu@mail.ru,8 Rutledge Center,Computer Science
Ephraim Wince,ewincecv@newyorker.com,85 La Follette Circle,Information Technology
Devondra Ghioni,dghionicw@hatena.ne.jp,2363 Maple Drive,Cybersecurity
Ardyce Dossettor,adossettorcx@ebay.co.uk,080 Bonner Place,Cybersecurity
Sheilah Coviello,scoviellocy@sohu.com,739 2nd Circle,Cybersecurity
Peirce Bonds,pbondscz@rediff.com,72502 Vidon Pass,Computer Science
Jennette Di Angelo,jdid0@dion.ne.jp,03811 Spaight Trail,Computer Science
Else Geraldini,egeraldinid1@newyorker.com,587 Stang Hill,Information Technology
Cyndi Peracco,cperaccod2@aboutads.info,0488 Mayfield Parkway,Information Technology
Prince Silburn,psilburnd3@blog.com,1 Pepper Wood Road,Information Technology
Rachelle Martino,rmartinod4@apache.org,39817 Kedzie Circle,Information Technology
Hamil Roony,hroonyd5@ftc.gov,01 Sherman Trail,Computer Science
Ranice Samson,rsamsond6@gov.uk,22 Del Mar Park,Computer Science
Norri Benit,nbenitd7@weather.com,8454 Ilene Avenue,Cybersecurity
Terry Rorke,trorked8@amazon.co.jp,96 Orin Trail,Cybersecurity
Federica Raggles,fragglesd9@hc360.com,9356 Nancy Park,Cybersecurity
Eziechiele Derx,ederxda@weather.com,2 Spaight Pass,Cybersecurity
Brandyn Kynaston,bkynastondb@multiply.com,59373 Tennyson Place,Computer Science
Doralin Beckworth,dbeckworthdc@istockphoto.com,35058 East Avenue,Computer Science
Hewet Seery,hseerydd@dion.ne.jp,82421 Di Loreto Park,Computer Science
Tuckie Lakey,tlakeyde@stumbleupon.com,33989 Commercial Trail,Cybersecurity
Layne Brunel,lbruneldf@nytimes.com,5710 Sugar Junction,Computer Science
Fredek Tybalt,ftybaltdg@scientificamerican.com,98 Elgar Point,Cybersecurity
Anet Macbeth,amacbethdh@comcast.net,881 Anniversary Crossing,Computer Science
Benni Cash,bcashdi@samsung.com,61 Waubesa Plaza,Information Technology
Hebert Waberer,hwabererdj@elegantthemes.com,54569 Dwight Crossing,Information Technology
Holt Duncklee,hdunckleedk@instagram.com,86766 Delaware Pass,Information Technology
Jarrad Trundler,jtrundlerdl@about.com,21423 Troy Parkway,Information Technology
Abramo Walbridge,awalbridgedm@slideshare.net,95831 Knutson Center,Cybersecurity
Corrie Fanthome,cfanthomedn@jugem.jp,961 Vera Point,Information Technology
Jarred Parfrey,jparfreydo@homestead.com,6 Sycamore Hill,Computer Science
Gabbi Ecles,geclesdp@1688.com,3 Bashford Park,Computer Science
Hortense Burchall,hburchalldq@berkeley.edu,21817 Merchant Terrace,Computer Science
Ches Castel,ccasteldr@parallels.com,35669 Ronald Regan Pass,Cybersecurity
Patten Sedger,psedgerds@tmall.com,93 Hudson Park,Computer Science
Harald Sleath,hsleathdt@biglobe.ne.jp,227 Marquette Point,Computer Science
Doroteya Saffell,dsaffelldu@virginia.edu,412 Oakridge Trail,Computer Science
Gorden Shawyers,gshawyersdv@xinhuanet.com,0 Park Meadow Street,Computer Science
Andrew Camous,acamousdw@illinois.edu,07 Mesta Place,Cybersecurity
Loise Spall,lspalldx@yelp.com,4622 Buena Vista Crossing,Computer Science
Anneliese Nevinson,anevinsondy@ning.com,9 Macpherson Way,Computer Science
Mureil Mandell,mmandelldz@toplist.cz,00 Pond Avenue,Information Technology
Jewelle Alyoshin,jalyoshine0@nasa.gov,34945 Spaight Park,Cybersecurity
Winny Huyge,whuygee1@mozilla.com,09 Anzinger Plaza,Information Technology
Eleni Inderwick,einderwicke2@whitehouse.gov,823 Continental Point,Information Technology
Danila Simon,dsimone3@yellowpages.com,77 Morning Street,Cybersecurity
Ker Paeckmeyer,kpaeckmeyere4@w3.org,17984 Oak Terrace,Cybersecurity
Joanne Adamo,jadamoe5@google.com.hk,4 Forest Run Center,Information Technology
Heath Lissaman,hlissamane6@amazonaws.com,42827 Pond Hill,Computer Science
Vonni Sprigging,vsprigginge7@odnoklassniki.ru,4309 Melrose Avenue,Cybersecurity
Devin Marishenko,dmarishenkoe8@blog.com,5961 Anzinger Court,Cybersecurity
Hinze Pulbrook,hpulbrooke9@bloglines.com,2396 Bowman Pass,Computer Science
Olly Nicely,onicelyea@myspace.com,1582 Gina Point,Information Technology
Kary Amberson,kambersoneb@cyberchimps.com,1 Longview Avenue,Cybersecurity
Catharine Winchcum,cwinchcumec@zimbio.com,3 Moland Drive,Cybersecurity
Bendick Rameaux,brameauxed@flickr.com,75 Annamark Park,Cybersecurity
Hatty Manhood,hmanhoodee@qq.com,4 Westerfield Terrace,Information Technology
Haven Oldcroft,holdcroftef@purevolume.com,5182 Straubel Pass,Information Technology
Harbert Aleswell,haleswelleg@domainmarket.com,802 Muir Junction,Computer Science
Shaun Tidder,stiddereh@nsw.gov.au,4995 Buell Crossing,Computer Science
Hermina Maurice,hmauriceei@vinaora.com,6520 Armistice Trail,Computer Science
Delbert Instock,dinstockej@hibu.com,30667 Michigan Park,Cybersecurity
Ulrick Grzegorzewicz,ugrzegorzewiczek@wp.com,42 Utah Circle,Information Technology
Konstantine Cleal,kclealel@e-recht24.de,2967 Aberg Point,Cybersecurity
Sid Morfey,smorfeyem@abc.net.au,096 Carioca Junction,Information Technology
Bonnee MacEntee,bmacenteeen@apple.com,66203 Armistice Place,Information Technology
Ferne Savidge,fsavidgeeo@yelp.com,74620 Service Hill,Cybersecurity
Win Creaney,wcreaneyep@marriott.com,9 Bluejay Terrace,Cybersecurity
Bobbette Hindmore,bhindmoreeq@irs.gov,87 Eastwood Parkway,Information Technology
Ignazio Clayborn,iclayborner@trellian.com,6 Annamark Park,Cybersecurity
Kaile MacAllester,kmacallesteres@java.com,685 Bashford Parkway,Cybersecurity
Nataline Arbuckel,narbuckelet@squidoo.com,19405 Pearson Way,Computer Science
Jarrod Lartice,jlarticeeu@webs.com,4293 Mosinee Terrace,Information Technology
Addy Karlowicz,akarlowiczev@icio.us,7 North Circle,Information Technology
Hardy Ketteringham,hketteringhamew@wikispaces.com,61 Vera Alley,Information Technology
Worthington Major,wmajorex@acquirethisname.com,44 Butterfield Circle,Computer Science
Cosimo Nice,cniceey@unesco.org,50100 Harbort Terrace,Computer Science
Gabriellia Gosnall,ggosnallez@earthlink.net,91 Evergreen Way,Information Technology
Gibb Hurdidge,ghurdidgef0@addtoany.com,41982 Raven Alley,Computer Science
Judd Nother,jnotherf1@comcast.net,78747 John Wall Center,Cybersecurity
Celestyn Houston,choustonf2@webeden.co.uk,5 Montana Plaza,Cybersecurity
Traci Marzella,tmarzellaf3@samsung.com,2 Aberg Circle,Computer Science
Darnall Gagen,dgagenf4@tinypic.com,609 Shelley Trail,Information Technology
Hollie Gravet,hgravetf5@creativecommons.org,5 Claremont Pass,Information Technology
Jasper Cream,jcreamf6@ted.com,58953 Jackson Crossing,Information Technology
Gottfried Kirkbright,gkirkbrightf7@businessinsider.com,0 Mifflin Pass,Computer Science
Retha Besque,rbesquef8@plala.or.jp,68307 Mosinee Place,Cybersecurity
Nannie Kuhlmey,nkuhlmeyf9@nhs.uk,4674 Caliangt Terrace,Computer Science
Elton Bubbings,ebubbingsfa@google.co.jp,39 Bunting Plaza,Cybersecurity
Gusta Whiston,gwhistonfb@jalbum.net,9 Prentice Point,Information Technology
Bernie Goodrick,bgoodrickfc@sfgate.com,35 Straubel Lane,Computer Science
Holden Donn,hdonnfd@discuz.net,500 Village Green Junction,Computer Science
Pernell Lisle,plislefe@ameblo.jp,28291 Rigney Pass,Computer Science
Marlowe Josef,mjosefff@digg.com,414 Fuller Circle,Cybersecurity
Alissa Tanser,atanserfg@admin.ch,85003 Huxley Court,Cybersecurity
Kellyann Valentetti,kvalentettifh@dailymotion.com,06240 Messerschmidt Hill,Computer Science
Briano Jordi,bjordifi@google.co.jp,5415 2nd Street,Information Technology
Clarita Butrimovich,cbutrimovichfj@narod.ru,6 Ramsey Parkway,Information Technology
Desirae Rembrant,drembrantfk@amazonaws.com,7 Spaight Terrace,Cybersecurity
Ibbie Slimming,islimmingfl@infoseek.co.jp,8828 Grover Road,Cybersecurity
Corilla Carpenter,ccarpenterfm@yale.edu,24 Roxbury Terrace,Computer Science
Caro Jealous,cjealousfn@g.co,5339 Oxford Street,Cybersecurity
Maribelle Feather,mfeatherfo@pcworld.com,666 Bunker Hill Alley,Cybersecurity
Boy Keele,bkeelefp@plala.or.jp,53 Annamark Alley,Cybersecurity
Scott Belding,sbeldingfq@reverbnation.com,3898 Pawling Terrace,Cybersecurity
Cameron Bittlestone,cbittlestonefr@icio.us,61 Division Circle,Computer Science
Brynne Mouncey,bmounceyfs@aol.com,4837 Novick Circle,Cybersecurity
Emmalynn Plaster,eplasterft@un.org,56632 Beilfuss Court,Computer Science
Alessandro Willoughey,awillougheyfu@nsw.gov.au,57254 Porter Trail,Cybersecurity
Gilli MacAndreis,gmacandreisfv@nature.com,318 Grasskamp Center,Computer Science
Bernardo Whistlecroft,bwhistlecroftfw@homestead.com,815 Division Crossing,Computer Science
Bronny Ledgard,bledgardfx@hao123.com,7952 Waubesa Way,Information Technology
Hetty Cridland,hcridlandfy@jigsy.com,482 Blaine Point,Information Technology
Gerry Lancastle,glancastlefz@nba.com,09016 Longview Hill,Information Technology
Emmanuel Ettritch,eettritchg0@ftc.gov,0028 Village Green Plaza,Information Technology
Joella Sidney,jsidneyg1@gnu.org,644 American Lane,Cybersecurity
Christel Suero,csuerog2@sakura.ne.jp,61798 Meadow Valley Pass,Cybersecurity
Noni Foss,nfossg3@noaa.gov,82 Randy Circle,Cybersecurity
Stafani Domeney,sdomeneyg4@dagondesign.com,5 Cardinal Point,Information Technology
Christyna Pirie,cpirieg5@github.com,4921 Blue Bill Park Alley,Cybersecurity
Nataniel Twoohy,ntwoohyg6@jigsy.com,695 Jay Terrace,Computer Science
Vitoria Hatherleigh,vhatherleighg7@360.cn,661 Bultman Avenue,Computer Science
Alverta Mellings,amellingsg8@blogger.com,6 Bunting Hill,Cybersecurity
Reggie Clench,rclenchg9@hostgator.com,18902 Crowley Pass,Cybersecurity
Say Hawkwood,shawkwoodga@gnu.org,60 Coleman Trail,Information Technology
Marice Lamberton,mlambertongb@ow.ly,76 Gale Point,Computer Science
Yvette Glencross,yglencrossgc@stumbleupon.com,09390 Schiller Drive,Information Technology
Ros Leal,rlealgd@sbwire.com,62 Pepper Wood Trail,Cybersecurity
Blaire Vynehall,bvynehallge@homestead.com,706 Division Pass,Information Technology
Hannie Otham,hothamgf@mashable.com,7 Sundown Trail,Information Technology
Mordy Bracer,mbracergg@oracle.com,2941 Namekagon Terrace,Cybersecurity
Sara-ann Pughsley,spughsleygh@amazon.co.uk,5 Vernon Way,Computer Science
Grange McVicker,gmcvickergi@blogs.com,581 Mcbride Center,Cybersecurity
Brittney Chapiro,bchapirogj@cnet.com,9641 Elgar Road,Computer Science
Lucias Swancott,lswancottgk@paginegialle.it,13158 Hollow Ridge Point,Information Technology
Mindy Gosden,mgosdengl@ebay.com,9577 Lakewood Gardens Center,Information Technology
Harald Rippen,hrippengm@gnu.org,247 Kingsford Alley,Information Technology
Inna Heffernan,iheffernangn@angelfire.com,1 Hansons Way,Computer Science
Bendicty Russo,brussogo@vistaprint.com,72 Waywood Street,Cybersecurity
Mag Lambillion,mlambilliongp@cdbaby.com,464 Derek Terrace,Computer Science
Berny Aire,bairegq@e-recht24.de,5 Saint Paul Pass,Computer Science
Noble Hannaby,nhannabygr@wunderground.com,75 Bashford Place,Information Technology
Ruddie Cristofano,rcristofanogs@diigo.com,0684 Stuart Road,Computer Science
Nicolette Scorthorne,nscorthornegt@a8.net,8490 Granby Drive,Computer Science
Hilly Ricciardiello,hricciardiellogu@sourceforge.net,029 Quincy Hill,Computer Science
Gabi Kincla,gkinclagv@canalblog.com,6 Warner Way,Information Technology
Rahel Massimo,rmassimogw@jigsy.com,66951 Monterey Trail,Information Technology
Ddene Fetter,dfettergx@comsenz.com,44 Towne Lane,Computer Science
Laurie Everleigh,leverleighgy@businessinsider.com,1 Miller Street,Cybersecurity
Zed D'Enrico,zdenricogz@stumbleupon.com,4089 Holy Cross Terrace,Cybersecurity
Ludwig Isakovic,lisakovich0@behance.net,76338 Raven Lane,Computer Science
Rubin Wagnerin,rwagnerinh1@house.gov,06547 Barnett Lane,Computer Science
Oberon Bernath,obernathh2@freewebs.com,4940 Troy Point,Information Technology
Gina Conelly,gconellyh3@indiatimes.com,4 Gulseth Court,Computer Science
Alon Sommers,asommersh4@cdc.gov,30 Fairview Place,Computer Science
Rainer Cohalan,rcohalanh5@ocn.ne.jp,15787 Red Cloud Crossing,Cybersecurity
Elmo Aslen,easlenh6@marriott.com,415 Crownhardt Circle,Computer Science
Filippo Ferras,fferrash7@home.pl,0365 Calypso Street,Information Technology
Odette Durie,odurieh8@mysql.com,218 Moose Terrace,Cybersecurity
Maryann Hafner,mhafnerh9@cornell.edu,7 Menomonie Trail,Information Technology
Melisenda Hadrill,mhadrillha@topsy.com,228 Crownhardt Road,Cybersecurity
Terrel Greenalf,tgreenalfhb@paypal.com,91688 Sycamore Park,Information Technology
Jasmine Byrth,jbyrthhc@delicious.com,46374 Ramsey Crossing,Computer Science
Allistir Hundy,ahundyhd@si.edu,6015 Forest Run Center,Cybersecurity
Kylila McKinn,kmckinnhe@mit.edu,7434 Garrison Alley,Information Technology
Kristina Durie,kduriehf@opensource.org,83607 Gateway Alley,Computer Science
Charin Norrington,cnorringtonhg@woothemes.com,5 Maple Wood Hill,Information Technology
Madeleine Renfrew,mrenfrewhh@java.com,9 Northport Drive,Cybersecurity
Ellis Bonnefin,ebonnefinhi@thetimes.co.uk,35850 Barnett Trail,Information Technology
Travers Claypool,tclaypoolhj@cnet.com,030 Dayton Alley,Information Technology
Karoly Shannon,kshannonhk@dagondesign.com,55117 Fieldstone Street,Information Technology
Wilbert Dimont,wdimonthl@diigo.com,71 Packers Avenue,Information Technology
Cari Haddleston,chaddlestonhm@whitehouse.gov,0 Buhler Way,Cybersecurity
Darb Lipman,dlipmanhn@imageshack.us,510 Hansons Drive,Cybersecurity
Tressa Tulloch,ttullochho@printfriendly.com,2371 Elmside Avenue,Computer Science
Allx Dadd,adaddhp@sfgate.com,25 Pepper Wood Place,Computer Science
Jessa Flaonier,jflaonierhq@wordpress.org,40 Independence Parkway,Computer Science
Alexis Kyllford,akyllfordhr@ft.com,35292 Fulton Plaza,Cybersecurity
Anjela Assad,aassadhs@comcast.net,42586 Derek Junction,Computer Science
Bell Czaple,bczapleht@jalbum.net,8617 Fallview Terrace,Information Technology
Hakeem Dalman,hdalmanhu@google.cn,84843 Hoffman Road,Computer Science
Esme Bradlaugh,ebradlaughhv@unc.edu,7 Hallows Way,Computer Science
Ilaire Wilce,iwilcehw@npr.org,1 Crowley Drive,Information Technology
Bert Afonso,bafonsohx@godaddy.com,4 Tennessee Point,Information Technology
Anet Spittle,aspittlehy@microsoft.com,1052 Maple Wood Park,Information Technology
Tate Southerton,tsouthertonhz@gnu.org,351 Del Mar Place,Information Technology
Carry Biskupski,cbiskupskii0@bloomberg.com,2587 Fuller Trail,Cybersecurity
Colleen Skouling,cskoulingi1@microsoft.com,92872 Walton Crossing,Cybersecurity
Filmore Yetman,fyetmani2@sitemeter.com,84 Clarendon Center,Cybersecurity
Danni Rustan,drustani3@t-online.de,85 Forest Alley,Information Technology
Rolando Adrianello,radrianelloi4@who.int,51 Waxwing Park,Computer Science
Ajay Pagram,apagrami5@trellian.com,3105 Basil Place,Computer Science
Mirabel Follis,mfollisi6@businessweek.com,8 Corry Pass,Information Technology
Lionello Van der Veldt,lvani7@dagondesign.com,4492 Harper Court,Information Technology
Orly Lower,oloweri8@ihg.com,577 Arapahoe Point,Information Technology
Jobyna Kleinbaum,jkleinbaumi9@shinystat.com,8 Utah Park,Information Technology
Emmanuel Tomowicz,etomowiczia@dagondesign.com,045 Farmco Trail,Cybersecurity
Shaylah Antunez,santunezib@feedburner.com,8 Vahlen Point,Cybersecurity
Douglass Lawden,dlawdenic@cpanel.net,764 Johnson Park,Computer Science
Gilles Habbon,ghabbonid@themeforest.net,162 Sloan Alley,Information Technology
Donica Thaxton,dthaxtonie@indiegogo.com,67 Riverside Terrace,Computer Science
Cammy Kahan,ckahanif@economist.com,62 Onsgard Circle,Information Technology
Darill Warin,dwarinig@shinystat.com,11 Melrose Alley,Information Technology
Michaelina Hilldrup,mhilldrupih@dropbox.com,21 Vera Pass,Information Technology
Fawne Ramm,frammii@tumblr.com,4 Northfield Hill,Information Technology
Maurita Menchenton,mmenchentonij@php.net,03984 Maple Wood Terrace,Cybersecurity
Alaine Radsdale,aradsdaleik@joomla.org,425 Browning Way,Computer Science
Caressa Stowers,cstowersil@hc360.com,7 La Follette Parkway,Computer Science
Patrizius Mort,pmortim@topsy.com,228 Trailsway Terrace,Computer Science
Gualterio Scoular,gscoularin@tiny.cc,054 Heffernan Alley,Information Technology
Madelena Brelsford,mbrelsfordio@joomla.org,9 Clarendon Crossing,Information Technology
Jonathon McGarry,jmcgarryip@etsy.com,130 Lindbergh Point,Cybersecurity
Tara Wasylkiewicz,twasylkiewicziq@sciencedirect.com,0126 Glacier Hill Terrace,Cybersecurity
Alisun Gourlay,agourlayir@miitbeian.gov.cn,5432 Hallows Hill,Information Technology
Vince Lakes,vlakesis@google.pl,411 Kingsford Park,Cybersecurity
Dyanna Evins,devinsit@zdnet.com,8 Hooker Avenue,Information Technology
Clemmie Swadlinge,cswadlingeiu@blogtalkradio.com,8641 Pawling Trail,Cybersecurity
Guenevere Crispin,gcrispiniv@fc2.com,51 Melody Point,Cybersecurity
Spencer Speariett,sspeariettiw@archive.org,794 Moulton Circle,Computer Science
Ardith Hutchinges,ahutchingesix@oakley.com,061 Manufacturers Court,Information Technology
Danya Lagde,dlagdeiy@house.gov,42 Harper Pass,Cybersecurity
Farly Mabon,fmaboniz@parallels.com,7569 Muir Court,Information Technology
Lorettalorna Leving,llevingj0@craigslist.org,7 Springview Park,Information Technology
Cristina Conman,cconmanj1@devhub.com,007 Bonner Center,Cybersecurity
Rosemaria Crain,rcrainj2@edublogs.org,6 Oxford Junction,Computer Science
Dalis Trunkfield,dtrunkfieldj3@ted.com,3214 Maryland Circle,Cybersecurity
Felix Cartmael,fcartmaelj4@guardian.co.uk,551 Clemons Road,Information Technology
Angy McNirlan,amcnirlanj5@free.fr,50647 Monument Lane,Computer Science
Garner O' Mulderrig,goj6@github.com,659 Mendota Lane,Computer Science
Lilah Tellesson,ltellessonj7@blogspot.com,8158 Claremont Road,Computer Science
Barron Yakushkin,byakushkinj8@hao123.com,207 Steensland Parkway,Cybersecurity
Lon Teague,lteaguej9@sbwire.com,528 Armistice Way,Computer Science
Stu Hurich,shurichja@bigcartel.com,814 Westport Park,Cybersecurity
Sutton Shackelton,sshackeltonjb@fc2.com,30 Farwell Road,Information Technology
Arlin Aberkirder,aaberkirderjc@home.pl,9 Northland Road,Computer Science
Uriel Stockin,ustockinjd@fema.gov,7 Blue Bill Park Pass,Information Technology
Cami Bamell,cbamellje@google.nl,7474 Doe Crossing Way,Computer Science
Cass Abrahamsen,cabrahamsenjf@psu.edu,701 Surrey Way,Information Technology
Lesley Durrell,ldurrelljg@aboutads.info,433 Summer Ridge Street,Computer Science
Gusty Boughey,gbougheyjh@google.co.jp,1311 Green Point,Computer Science
Felice Orum,forumji@meetup.com,53 Petterle Crossing,Computer Science
Cindelyn Mannock,cmannockjj@is.gd,44834 Derek Trail,Cybersecurity
Noak Werrit,nwerritjk@devhub.com,3678 Raven Lane,Computer Science
Lusa Baraclough,lbaracloughjl@360.cn,0974 Corscot Circle,Computer Science
Tonya Huerta,thuertajm@earthlink.net,633 Superior Trail,Computer Science
Jenda Crudgington,jcrudgingtonjn@pcworld.com,0842 Grayhawk Parkway,Computer Science
Jeno Warne,jwarnejo@51.la,983 Bay Drive,Information Technology
Lincoln Fairholm,lfairholmjp@amazon.de,78 Red Cloud Junction,Information Technology
Curtice Doerffer,cdoerfferjq@lycos.com,97 Almo Trail,Cybersecurity
Sunny Geffcock,sgeffcockjr@photobucket.com,194 Grasskamp Parkway,Information Technology
Adey Zorro,azorrojs@creativecommons.org,0713 Mifflin Junction,Information Technology
Yul Cardinal,ycardinaljt@pcworld.com,4142 Eliot Junction,Information Technology
Addy Walaron,awalaronju@smh.com.au,0481 Old Gate Pass,Computer Science
Justino McGarva,jmcgarvajv@blog.com,500 Sunfield Place,Cybersecurity
Jonah Dallemore,jdallemorejw@zimbio.com,6 John Wall Trail,Computer Science
Ede Burehill,eburehilljx@qq.com,89102 Lakewood Gardens Street,Information Technology
Consuelo Reynoollds,creynoolldsjy@businessinsider.com,1 Susan Lane,Cybersecurity
Karlyn Mundy,kmundyjz@fastcompany.com,398 Quincy Lane,Computer Science
Aloise Boothman,aboothmank0@amazon.com,40 Comanche Avenue,Cybersecurity
Eben Mayoral,emayoralk1@narod.ru,00516 Barnett Point,Computer Science
Griffith Crichton,gcrichtonk2@dmoz.org,47 Tennyson Parkway,Information Technology
Aurora Sprigging,aspriggingk3@mediafire.com,0260 Sommers Crossing,Computer Science
Tommy Wyer,twyerk4@themeforest.net,2 2nd Drive,Cybersecurity
Rasla Francis,rfrancisk5@soundcloud.com,31301 Washington Junction,Information Technology
Klement Layland,klaylandk6@ucoz.com,7631 Elka Drive,Cybersecurity
Hubey Newell,hnewellk7@behance.net,11045 Sachtjen Park,Information Technology
Saloma Hansemann,shansemannk8@storify.com,9 American Ash Crossing,Information Technology
Maddy Berthe,mberthek9@canalblog.com,3283 Loeprich Plaza,Computer Science
Wald Simenot,wsimenotka@cornell.edu,9545 Brickson Park Street,Computer Science
Michelina Taft,mtaftkb@freewebs.com,8535 Evergreen Street,Computer Science
Boy Housden,bhousdenkc@statcounter.com,18108 Drewry Road,Computer Science
Dorelle Shalders,dshalderskd@shutterfly.com,0 Pawling Pass,Cybersecurity
Bendick Epsly,bepslyke@a8.net,1 Oneill Point,Cybersecurity
Gweneth Wrefford,gwreffordkf@illinois.edu,9751 Bartillon Center,Cybersecurity
Pearline Easterfield,peasterfieldkg@is.gd,6 Golf View Terrace,Information Technology
Tonya Bloxsum,tbloxsumkh@oracle.com,3436 Golf Course Way,Information Technology
Dorelia Chancellor,dchancellorki@ehow.com,31 5th Road,Information Technology
Jacinda Di Iorio,jdikj@usa.gov,70 Sycamore Court,Computer Science
Deeann Gatsby,dgatsbykk@sakura.ne.jp,2 Fair Oaks Parkway,Information Technology
Alica MacKimmie,amackimmiekl@prnewswire.com,13112 Manley Parkway,Computer Science
Tory Virgoe,tvirgoekm@newsvine.com,11 Burrows Alley,Computer Science
Mirabelle Oakenford,moakenfordkn@biblegateway.com,00 Sauthoff Place,Computer Science
Shellysheldon Bluschke,sbluschkeko@prweb.com,0 Hooker Terrace,Information Technology
Elroy Farragher,efarragherkp@de.vu,18 Farwell Drive,Computer Science
Bond De Carteret,bdekq@soundcloud.com,45 Texas Alley,Computer Science
Abbey Westcot,awestcotkr@princeton.edu,74755 Fulton Court,Computer Science
Glynis Exelby,gexelbyks@geocities.com,41 Clyde Gallagher Junction,Information Technology
Willy Thunder,wthunderkt@csmonitor.com,29732 North Plaza,Computer Science
Salome Meriel,smerielku@yahoo.com,3 Gerald Alley,Information Technology
Ursula Schulter,uschulterkv@chronoengine.com,2 Stuart Point,Information Technology
Eugene Holby,eholbykw@yahoo.co.jp,4114 Thompson Street,Cybersecurity
Evaleen Wardale,ewardalekx@vk.com,0008 Northland Trail,Information Technology
Wilbert Gulc,wgulcky@home.pl,830 Lerdahl Point,Computer Science
Padriac Du Hamel,pdukz@mit.edu,82571 Shasta Court,Computer Science
Nicolais Node,nnodel0@auda.org.au,110 Warbler Hill,Computer Science
Emilee Coiley,ecoileyl1@statcounter.com,4 Melody Junction,Cybersecurity
Mignonne Matschoss,mmatschossl2@fastcompany.com,19 Ridgeway Crossing,Cybersecurity
Gretal Duran,gduranl3@fastcompany.com,567 Hintze Alley,Cybersecurity
Chico Cranstoun,ccranstounl4@nationalgeographic.com,00 Anthes Alley,Cybersecurity
Arleen Foli,afolil5@webs.com,7533 Washington Junction,Cybersecurity
Chandra Gommowe,cgommowel6@reverbnation.com,711 Russell Plaza,Information Technology
Juliane Kachel,jkachell7@delicious.com,34 Milwaukee Terrace,Information Technology
Vivienne Chillingworth,vchillingworthl8@delicious.com,357 Havey Lane,Information Technology
Janaya Blaxley,jblaxleyl9@xinhuanet.com,211 Sloan Way,Cybersecurity
Issi Gabbitus,igabbitusla@wunderground.com,6007 Burning Wood Street,Computer Science
Casper Labarre,clabarrelb@geocities.com,4 Holy Cross Crossing,Cybersecurity
Lyon Gauchier,lgauchierlc@baidu.com,6216 Coleman Road,Cybersecurity
Lorrie Casina,lcasinald@bloglovin.com,768 Nobel Drive,Cybersecurity
Batholomew Guiel,bguielle@blogspot.com,89 Corry Road,Information Technology
Baird O'Lenane,bolenanelf@rakuten.co.jp,3 Shopko Junction,Cybersecurity
Emmey Baddam,ebaddamlg@jalbum.net,60 Coleman Place,Information Technology
Zebadiah Jonson,zjonsonlh@merriam-webster.com,78532 Hollow Ridge Junction,Computer Science
Damian Khoter,dkhoterli@flavors.me,0685 Fairview Hill,Cybersecurity
Bernardina Caveau,bcaveaulj@jigsy.com,842 Red Cloud Parkway,Cybersecurity
Emlyn Guilloud,eguilloudlk@spiegel.de,492 Pleasure Parkway,Computer Science
Colene Crennell,ccrennellll@rambler.ru,72270 Butterfield Terrace,Cybersecurity
Aleta Sends,asendslm@list-manage.com,4 Heffernan Plaza,Computer Science
Marilin Ead,meadln@seattletimes.com,21 Ruskin Way,Computer Science
Aviva Yakov,ayakovlo@bloglines.com,99 Derek Court,Information Technology
Christie Crush,ccrushlp@google.co.uk,02087 Old Gate Street,Computer Science
Aron Mesnard,amesnardlq@stumbleupon.com,2 Dapin Hill,Computer Science
Sloan Cunniffe,scunniffelr@mac.com,078 Maple Trail,Information Technology
Alexio Wilks,awilksls@apache.org,8166 Longview Pass,Computer Science
Jenifer Allett,jallettlt@spotify.com,76551 Maywood Circle,Computer Science
Elisabeth Kern,ekernlu@ycombinator.com,6520 Fuller Place,Computer Science
Ruthi Bramhill,rbramhilllv@amazonaws.com,6 Cody Drive,Information Technology
Lawry Taft,ltaftlw@e-recht24.de,2 Jay Trail,Cybersecurity
Malissa Chamney,mchamneylx@nsw.gov.au,118 Coleman Street,Computer Science
Kalie Featherstonhaugh,kfeatherstonhaughly@mozilla.org,975 Mayer Trail,Information Technology
Carlyle de Aguirre,cdelz@craigslist.org,232 Cambridge Pass,Information Technology
Goraud Scrange,gscrangem0@stumbleupon.com,57886 Ludington Drive,Information Technology
Julienne Bye,jbyem1@yolasite.com,46 Clove Hill,Computer Science
Clair Maplestone,cmaplestonem2@about.me,4 Eagle Crest Center,Cybersecurity
Taite French,tfrenchm3@gov.uk,743 Westridge Court,Computer Science
Melloney Emson,memsonm4@yahoo.co.jp,9 Lindbergh Place,Computer Science
Savina Skippon,sskipponm5@sogou.com,38315 Mcguire Way,Cybersecurity
Gwendolyn Cheesworth,gcheesworthm6@usgs.gov,146 Division Park,Computer Science
Celinda Baggiani,cbaggianim7@bigcartel.com,45 Blaine Terrace,Cybersecurity
Buddie Prozescky,bprozesckym8@smh.com.au,11 Glacier Hill Point,Cybersecurity
Lowe Puddicombe,lpuddicombem9@angelfire.com,809 Homewood Circle,Cybersecurity
Alla Ferrarone,aferraronema@google.com.hk,296 Doe Crossing Center,Cybersecurity
Orelle Segoe,osegoemb@nasa.gov,2 Prairie Rose Road,Computer Science
Paige Ralton,praltonmc@shinystat.com,718 Northland Place,Information Technology
Ivan Kellart,ikellartmd@mysql.com,14636 Randy Place,Computer Science
Wilmar Giorgielli,wgiorgiellime@mashable.com,13 Hanover Way,Information Technology
Tyne Cosley,tcosleymf@admin.ch,86308 Huxley Way,Information Technology
Harlin Gammon,hgammonmg@twitpic.com,53 Bobwhite Drive,Computer Science
Clarita Kennler,ckennlermh@people.com.cn,42239 Village Green Pass,Information Technology
Dodi Leworthy,dleworthymi@princeton.edu,08992 Laurel Trail,Cybersecurity
Antonina Ilyuchyov,ailyuchyovmj@jigsy.com,17 Nevada Alley,Information Technology
Rey Yanuk,ryanukmk@squidoo.com,1 Burrows Drive,Information Technology
Olav Sywell,osywellml@yahoo.com,79982 Stephen Road,Cybersecurity
Carin Huniwall,chuniwallmm@discuz.net,92 Towne Street,Cybersecurity
Diannne Ackeroyd,dackeroydmn@vk.com,4 Vermont Lane,Cybersecurity
Dugald Kiddy,dkiddymo@behance.net,934 Melrose Center,Cybersecurity
Malissa Ledes,mledesmp@census.gov,230 Commercial Street,Computer Science
Marcela Harvett,mharvettmq@go.com,10 Reinke Alley,Cybersecurity
Alonso Spear,aspearmr@state.tx.us,8 Prairie Rose Court,Information Technology
Maribel Leveritt,mleverittms@live.com,4022 Hooker Crossing,Cybersecurity
Jany Babber,jbabbermt@edublogs.org,841 Buell Road,Cybersecurity
Colby McLurg,cmclurgmu@sfgate.com,1610 Arapahoe Court,Cybersecurity
Mabelle Younghusband,myounghusbandmv@state.gov,13 Washington Point,Information Technology
Denny Maasze,dmaaszemw@soup.io,159 Glendale Circle,Computer Science
Lyndy Garthside,lgarthsidemx@dedecms.com,957 Nelson Crossing,Cybersecurity
Arny Nye,anyemy@diigo.com,6 Briar Crest Place,Computer Science
Sue Bernardet,sbernardetmz@nbcnews.com,414 Straubel Center,Computer Science
Roma Guswell,rguswelln0@liveinternet.ru,36 Northland Parkway,Cybersecurity
Kristine Broscombe,kbroscomben1@freewebs.com,265 Crownhardt Center,Cybersecurity
Andrei Attewill,aattewilln2@de.vu,9945 Park Meadow Drive,Computer Science
Hanson Studdal,hstuddaln3@jimdo.com,96 Everett Hill,Computer Science
Tommie Midghall,tmidghalln4@wikimedia.org,145 Thackeray Way,Computer Science
Suzann Georgi,sgeorgin5@ft.com,2309 American Drive,Cybersecurity
Fee Dmiterko,fdmiterkon6@google.de,0 Badeau Crossing,Cybersecurity
Terrence Watkinson,twatkinsonn7@tamu.edu,864 Chinook Pass,Computer Science
Fara Bremmell,fbremmelln8@netlog.com,353 Maryland Point,Computer Science
Hermina Codi,hcodin9@1und1.de,79123 Fallview Drive,Cybersecurity
Grazia Pudding,gpuddingna@answers.com,52 Pierstorff Place,Information Technology
Portie Yarker,pyarkernb@nba.com,2786 Moulton Place,Cybersecurity
Alysia Branwhite,abranwhitenc@google.ca,38165 Dovetail Lane,Computer Science
Josie Poxton,jpoxtonnd@youtu.be,7 South Center,Cybersecurity
Rubia Clausen,rclausenne@google.ca,227 Sachs Park,Computer Science
Piper McTrustie,pmctrustienf@ow.ly,30 Schurz Alley,Information Technology
Eleonore Bydaway,ebydawayng@springer.com,4 Mitchell Hill,Cybersecurity
Joachim Lecky,jleckynh@privacy.gov.au,37023 Corscot Alley,Cybersecurity
Imelda Kynaston,ikynastonni@nasa.gov,5 Utah Junction,Cybersecurity
Ly Hateley,lhateleynj@google.fr,2 Hollow Ridge Avenue,Information Technology
Vladimir Branno,vbrannonk@techcrunch.com,07 Vera Avenue,Computer Science
Mathe Mycock,mmycocknl@cdbaby.com,69 Mcbride Alley,Information Technology
Doti Petken,dpetkennm@mac.com,6 Fieldstone Place,Cybersecurity
Edwina Licciardo,elicciardonn@acquirethisname.com,13 Artisan Trail,Information Technology
Bren Brownlie,bbrownlieno@google.ca,1990 Crest Line Circle,Information Technology
Costanza Kopke,ckopkenp@icq.com,5404 Petterle Court,Information Technology
Virgilio Hardbattle,vhardbattlenq@webmd.com,47228 Sunnyside Lane,Computer Science
Joann Outright,joutrightnr@sun.com,1 Crowley Way,Information Technology
Fidelio Sawyer,fsawyerns@yellowbook.com,212 Susan Court,Cybersecurity
Sayers DelaField,sdelafieldnt@example.com,9402 7th Drive,Cybersecurity
Cati Bohlin,cbohlinnu@sfgate.com,9 Valley Edge Alley,Computer Science
Paulie Gwynn,pgwynnnv@eventbrite.com,04 Golden Leaf Alley,Information Technology
Sosanna Bruhnsen,sbruhnsennw@guardian.co.uk,62626 Steensland Parkway,Cybersecurity
Morris Mellenby,mmellenbynx@comcast.net,3 Bellgrove Hill,Cybersecurity
Uriel Cowdray,ucowdrayny@homestead.com,807 Dwight Crossing,Computer Science
Haze Lunam,hlunamnz@businessweek.com,4834 Westend Point,Computer Science
Bobinette Tomkies,btomkieso0@live.com,09269 Hauk Point,Computer Science
Bertina Duthy,bduthyo1@va.gov,98745 Karstens Lane,Computer Science
Dalila Gadsden,dgadsdeno2@gnu.org,939 Summerview Trail,Cybersecurity
Linnell Hinemoor,lhinemooro3@wisc.edu,1020 Nobel Place,Information Technology
Ilse Letterese,ilettereseo4@facebook.com,53736 Old Shore Center,Computer Science
Caye Dzeniskevich,cdzeniskevicho5@go.com,68566 Buell Park,Information Technology
Luz Ticksall,lticksallo6@loc.gov,5062 Menomonie Street,Computer Science
Gayel Alldridge,galldridgeo7@example.com,1676 Sunnyside Drive,Information Technology
Jae Tripett,jtripetto8@google.nl,256 Division Terrace,Cybersecurity
Anson McKleod,amckleodo9@hugedomains.com,8 Canary Road,Information Technology
Heall Geldeford,hgeldefordoa@vinaora.com,61 Holmberg Place,Information Technology
Felic Stapels,fstapelsob@hp.com,8 Ronald Regan Center,Cybersecurity
Emmanuel Aslet,easletoc@europa.eu,0191 Twin Pines Park,Information Technology
Mychal Medmore,mmedmoreod@pen.io,7444 Mallard Center,Information Technology
Neron Ipgrave,nipgraveoe@paginegialle.it,0653 Judy Drive,Information Technology
Calv Moncreiffe,cmoncreiffeof@pinterest.com,3 Melby Alley,Cybersecurity
Laney Jesteco,ljestecoog@columbia.edu,9 Dennis Pass,Information Technology
Ev Gotecliffe,egotecliffeoh@smugmug.com,1 Evergreen Pass,Cybersecurity
Tillie MacCawley,tmaccawleyoi@constantcontact.com,2013 Kinsman Center,Cybersecurity
Vicky Scudders,vscuddersoj@merriam-webster.com,5 Dovetail Way,Computer Science
Anne-corinne Lipprose,alipproseok@dmoz.org,6 Charing Cross Court,Cybersecurity
Cary Simeonov,csimeonovol@noaa.gov,87271 Lake View Junction,Information Technology
Johnathon Jiroutka,jjiroutkaom@edublogs.org,54983 Utah Parkway,Information Technology
Candida Godden,cgoddenon@miibeian.gov.cn,559 Talmadge Center,Computer Science
Jasper Saphin,jsaphinoo@histats.com,77 Reindahl Junction,Cybersecurity
Alis Vashchenko,avashchenkoop@usda.gov,96 Fairfield Pass,Cybersecurity
Lin Harnor,lharnoroq@tripod.com,14072 Red Cloud Alley,Computer Science
Rikki Vernall,rvernallor@slate.com,033 Anhalt Junction,Computer Science
Karel Malkin,kmalkinos@blinklist.com,4 Susan Trail,Information Technology
Merna Trass,mtrassot@over-blog.com,2 Graedel Hill,Computer Science
Keslie Mohamed,kmohamedou@vk.com,59390 Weeping Birch Road,Computer Science
Masha Lennox,mlennoxov@businessweek.com,504 Oxford Hill,Computer Science
Jerrome Miebes,jmiebesow@ning.com,3 Lawn Drive,Information Technology
Kitti Redmore,kredmoreox@webs.com,1 Corben Circle,Computer Science
Augy Clynmans,aclynmansoy@printfriendly.com,9594 Carey Road,Cybersecurity
Junette Morteo,jmorteooz@instagram.com,895 Blackbird Court,Computer Science
Andrei Gunning,agunningp0@rambler.ru,85993 Doe Crossing Road,Cybersecurity
Barr Laister,blaisterp1@harvard.edu,98167 Old Shore Parkway,Information Technology
Susanne Pelham,spelhamp2@nba.com,40 Muir Circle,Cybersecurity
Jemmie Giroldi,jgiroldip3@cargocollective.com,999 Browning Terrace,Information Technology
Kermie Akess,kakessp4@pinterest.com,793 International Court,Cybersecurity
Hendrick Pierri,hpierrip5@intel.com,67 Utah Park,Information Technology
Joan Shwalbe,jshwalbep6@harvard.edu,116 Evergreen Crossing,Computer Science
Noni Champneys,nchampneysp7@topsy.com,51078 International Drive,Computer Science
Thomasina Follen,tfollenp8@netscape.com,67610 Hintze Park,Information Technology
Kathrine Gurden,kgurdenp9@newyorker.com,50499 Meadow Ridge Court,Information Technology
Cello de Clerq,cdepa@blinklist.com,02 Becker Alley,Cybersecurity
Blanch Drayn,bdraynpb@fda.gov,6 Dennis Junction,Information Technology
Richard Rack,rrackpc@chronoengine.com,71 Summerview Park,Information Technology
Kippar Giacovetti,kgiacovettipd@nyu.edu,1986 Kennedy Circle,Computer Science
Mead Seagrove,mseagrovepe@techcrunch.com,05 Burning Wood Terrace,Cybersecurity
Franklin Ringwood,fringwoodpf@go.com,0011 Waubesa Way,Cybersecurity
Carolee Strowther,cstrowtherpg@qq.com,89 Northport Plaza,Computer Science
Olive Logsdail,ologsdailph@oakley.com,2185 Continental Road,Cybersecurity
Cherie Kernes,ckernespi@last.fm,1638 Myrtle Hill,Information Technology
Cleopatra Guerriero,cguerrieropj@un.org,40583 Logan Park,Information Technology
Emmanuel Causer,ecauserpk@patch.com,1 School Lane,Information Technology
Kerr Forman,kformanpl@nasa.gov,7 Rieder Point,Cybersecurity
Nara Piggot,npiggotpm@yahoo.co.jp,64844 Mosinee Lane,Computer Science
Conrado McGurgan,cmcgurganpn@wiley.com,14088 Grasskamp Place,Computer Science
Brittan Hachard,bhachardpo@wunderground.com,650 Loftsgordon Center,Cybersecurity
Courtney Bushrod,cbushrodpp@slate.com,1 Eagan Crossing,Cybersecurity
Louisa Andryushin,landryushinpq@house.gov,2 International Point,Information Technology
Adriano Monget,amongetpr@gizmodo.com,7936 Fairview Circle,Information Technology
Chadd Kaley,ckaleyps@china.com.cn,8 Dahle Park,Cybersecurity
Bradley Shynn,bshynnpt@technorati.com,223 Hauk Junction,Cybersecurity
Minne Elstow,melstowpu@livejournal.com,7 Oxford Park,Computer Science
Shawnee Dupree,sdupreepv@dell.com,6350 Union Court,Computer Science
Marguerite Feehery,mfeeherypw@apple.com,42 Forster Center,Cybersecurity
Bunnie Niese,bniesepx@smugmug.com,606 Derek Center,Information Technology
Lindy Fierro,lfierropy@printfriendly.com,029 Knutson Avenue,Cybersecurity
Rollo Paolinelli,rpaolinellipz@networksolutions.com,27 Kings Park,Cybersecurity
Aland Dougal,adougalq0@bing.com,63 Toban Circle,Cybersecurity
Hogan Wimlett,hwimlettq1@cnn.com,048 Magdeline Pass,Computer Science
Lalo Arrol,larrolq2@vkontakte.ru,5816 Almo Avenue,Information Technology
Broderic Erlam,berlamq3@skype.com,117 Jana Plaza,Information Technology
Angelique Matignon,amatignonq4@comcast.net,165 Trailsway Junction,Computer Science
Quillan Waggatt,qwaggattq5@hao123.com,030 Lakewood Avenue,Computer Science
Alexis Blades,abladesq6@infoseek.co.jp,38073 Vidon Center,Information Technology
Esmaria Lapwood,elapwoodq7@dedecms.com,136 Kingsford Lane,Information Technology
Chris Brennand,cbrennandq8@github.io,71836 Bayside Center,Cybersecurity
Moyra Rockhall,mrockhallq9@timesonline.co.uk,57 Susan Park,Computer Science
Zach Phayre,zphayreqa@mashable.com,26896 Main Park,Information Technology
Tomkin Eykel,teykelqb@fotki.com,6 Gale Lane,Information Technology
Reine Fife,rfifeqc@mysql.com,60 Mosinee Park,Information Technology
Marcella Newe,mneweqd@pinterest.com,82 Caliangt Street,Cybersecurity
Christoforo Dumphry,cdumphryqe@upenn.edu,932 Lunder Point,Information Technology
Huntlee Hubner,hhubnerqf@homestead.com,620 Packers Park,Computer Science
Jennilee Abbs,jabbsqg@ft.com,240 West Drive,Information Technology
Jamie Kenworthy,jkenworthyqh@4shared.com,7158 Green Ridge Parkway,Computer Science
Stinky Bakes,sbakesqi@un.org,0 Michigan Place,Cybersecurity
Avrit Ginger,agingerqj@upenn.edu,94 International Crossing,Computer Science
Wadsworth Ketchen,wketchenqk@fc2.com,38 Sloan Lane,Information Technology
Peirce Mytton,pmyttonql@biblegateway.com,00965 Vahlen Way,Information Technology
Daisie Somerton,dsomertonqm@infoseek.co.jp,99 Parkside Pass,Information Technology
Lonni Wolters,lwoltersqn@amazonaws.com,5 Summer Ridge Terrace,Information Technology
Otha Megarrell,omegarrellqo@indiatimes.com,43 Loeprich Point,Computer Science
Frederica Willerstone,fwillerstoneqp@buzzfeed.com,82489 Steensland Way,Computer Science
Micah Havesides,mhavesidesqq@myspace.com,434 Fallview Park,Computer Science
Weylin Presidey,wpresideyqr@ezinearticles.com,74 Pepper Wood Point,Information Technology
Marquita Pacquet,mpacquetqs@seesaa.net,3 Hanover Parkway,Computer Science
Bernardo Vockins,bvockinsqt@indiegogo.com,8 Mosinee Court,Computer Science
Kile Schimaschke,kschimaschkequ@jigsy.com,42 Upham Point,Information Technology
Ogdon Sherlaw,osherlawqv@eventbrite.com,1 Park Meadow Pass,Cybersecurity
Kaja Layfield,klayfieldqw@blogs.com,9 Buena Vista Lane,Cybersecurity
Kym Duthy,kduthyqx@kickstarter.com,3241 Bashford Circle,Cybersecurity
Aretha Insworth,ainsworthqy@census.gov,83481 Lukken Road,Cybersecurity
Roobbie Bertl,rbertlqz@miibeian.gov.cn,69880 Mesta Park,Computer Science
Laurice Trighton,ltrightonr0@taobao.com,5 Truax Pass,Cybersecurity
Elna Senecaux,esenecauxr1@imageshack.us,3 Hermina Street,Computer Science
Salvidor Robb,srobbr2@rambler.ru,962 Bay Drive,Computer Science
Jimmie Wrathmell,jwrathmellr3@shop-pro.jp,62 Bartillon Center,Information Technology
Brose Josefs,bjosefsr4@ovh.net,5 Cardinal Crossing,Information Technology
Stavros Clutton,scluttonr5@diigo.com,3 Pearson Junction,Cybersecurity
Dianemarie Ambrogioni,dambrogionir6@unblog.fr,31 Pearson Avenue,Computer Science
Les Grouer,lgrouerr7@ocn.ne.jp,69649 Sutteridge Place,Information Technology
Bryan Ovid,bovidr8@tinyurl.com,65701 School Avenue,Information Technology
Hewe Pawsey,hpawseyr9@ebay.com,116 Stoughton Place,Cybersecurity
Osbourne Branni,obrannira@fastcompany.com,4 5th Parkway,Computer Science
Clerkclaude Lucock,clucockrb@netscape.com,1165 Green Ridge Way,Cybersecurity
Chlo Bartlet,cbartletrc@sakura.ne.jp,338 Springs Plaza,Computer Science
Baxter Orme,bormerd@hatena.ne.jp,3 Thompson Road,Computer Science
Gamaliel Clawley,gclawleyre@oaic.gov.au,380 Beilfuss Way,Cybersecurity
Linnie Fealey,lfealeyrf@xinhuanet.com,889 Dexter Lane,Information Technology
Nathalia Bellini,nbellinirg@blog.com,19 Dahle Plaza,Cybersecurity
Carmelle Prestwich,cprestwichrh@nasa.gov,793 South Drive,Cybersecurity
Murray Jagielski,mjagielskiri@yellowpages.com,586 Village Green Court,Information Technology
Shelton Crossman,scrossmanrj@rambler.ru,54 Donald Court,Information Technology
Thomasine Boutellier,tboutellierrk@bizjournals.com,6727 Dixon Center,Information Technology
Ellary Ivons,eivonsrl@sfgate.com,18106 Bobwhite Trail,Cybersecurity
Annabella Riddiford,ariddifordrm@slideshare.net,65728 Ryan Street,Information Technology
Dannie Di Giorgio,ddirn@flickr.com,3520 Glacier Hill Road,Information Technology
Odessa Deely,odeelyro@uiuc.edu,39 Grasskamp Trail,Information Technology
Luisa Iannitti,liannittirp@slate.com,77383 East Junction,Computer Science
Heinrick Perott,hperottrq@xing.com,7784 Dawn Parkway,Information Technology
Kynthia Malpass,kmalpassrr@so-net.ne.jp,937 Harper Center,Cybersecurity
